Model,Metric,Correlation
cohere,chebyshev,0.16403473267233626
cohere,cosine,0.6545119330097645
openai,cosine,0.6707534923125107
openai,chebyshev,0.12771290223362627
vertexai,chebyshev,0.204775573690325
vertexai,cosine,0.6620076713967074
voyageai,cosine,0.6355512232832413
voyageai,chebyshev,0.09838886602003644
voyageai,euclidian,0.6344020277234024
vertexai,euclidian,0.6519292689605684
openai,euclidian,0.6460646225550901
cohere,euclidian,0.6396616235657157
